pop,rock
rock,metal_or_hardrock,punk,rock_n_roll,alternative
classical_music,musical,rock,punk,reggae,rock_n_roll,alternative,latino
punk,alternative
classical_music,pop,hiphop_rap,latino
rock,metal_or_hardrock,hiphop_rap,swing_jazz,rock_n_roll,alternative
pop,techno_trance
pop,rock
musical,rock,metal_or_hardrock
folk,musical,rock,reggae,swing_jazz,rock_n_roll,alternative,latino
pop,techno_trance
classical_music,rock,alternative
classical_music,rock,metal_or_hardrock,rock_n_roll
musical,pop
pop,rock,punk,reggae,swing_jazz,rock_n_roll,alternative
classical_music,rock,metal_or_hardrock,punk,reggae
pop,rock,techno_trance
pop,rock,reggae
folk,classical_music,musical,pop,rock,metal_or_hardrock,hiphop_rap,reggae,swing_jazz,rock_n_roll,alternative,latino,techno_trance
classical_music,rock,metal_or_hardrock,reggae,swing_jazz,rock_n_roll,latino
classical_music,rock,metal_or_hardrock,punk,hiphop_rap,swing_jazz,rock_n_roll,alternative,opera
rock,metal_or_hardrock,punk,rock_n_roll
pop
musical,pop,rock,latino
classical_music,rock,metal_or_hardrock,punk,opera
pop,latino
folk,country,classical_music,pop,rock,rock_n_roll,latino
folk,rock,punk,reggae,alternative,techno_trance
rock,hiphop_rap,rock_n_roll
folk,rock,reggae,rock_n_roll,latino
pop,rock,hiphop_rap,swing_jazz
pop,latino
rock,punk,hiphop_rap,rock_n_roll,alternative
classical_music,musical,pop,swing_jazz,rock_n_roll,opera
musical,pop,rock,punk,rock_n_roll,alternative
classical_music,musical,pop,hiphop_rap,latino
musical,pop,rock,opera
classical_music,metal_or_hardrock
classical_music,pop,rock,hiphop_rap,reggae,techno_trance,opera
pop,rock,metal_or_hardrock,punk,rock_n_roll
pop
folk,country,classical_music,rock,metal_or_hardrock,hiphop_rap,reggae,swing_jazz,rock_n_roll,alternative,latino,techno_trance
musical,pop,rock,metal_or_hardrock,punk,alternative
pop,rock,alternative
pop,rock,alternative,latino,techno_trance
classical_music,pop,rock,rock_n_roll,latino,opera
country,musical,pop,rock,hiphop_rap,rock_n_roll,alternative,latino
pop,rock,alternative
musical,hiphop_rap,reggae,latino
rock,punk,rock_n_roll
folk,classical_music,musical,pop,rock,punk,hiphop_rap,reggae,rock_n_roll,alternative,latino
classical_music,pop,rock,reggae,swing_jazz,rock_n_roll,latino
folk,country,classical_music,musical,pop,rock,metal_or_hardrock,hiphop_rap,reggae,swing_jazz,rock_n_roll,latino,opera
folk,classical_music,musical,pop,latino,opera
folk,classical_music,musical,pop,rock,metal_or_hardrock,swing_jazz,rock_n_roll,latino,techno_trance,opera
classical_music,pop,hiphop_rap,rock_n_roll,alternative,latino,techno_trance
classical_music,pop,rock,punk,swing_jazz,rock_n_roll,alternative,opera
rock,swing_jazz,rock_n_roll,alternative
pop
rock,punk,swing_jazz,rock_n_roll,alternative,techno_trance
classical_music,musical,pop,rock,rock_n_roll,alternative
classical_music,pop,rock,latino,techno_trance
folk,country,classical_music,musical,pop,rock,metal_or_hardrock,punk,hiphop_rap,reggae,swing_jazz,rock_n_roll,alternative,latino,techno_trance,opera
hiphop_rap,reggae,techno_trance
musical,pop,rock
hiphop_rap,techno_trance
musical,pop,metal_or_hardrock,latino,techno_trance
musical,pop,hiphop_rap,swing_jazz,rock_n_roll,latino
musical,rock,metal_or_hardrock,punk,reggae,swing_jazz,rock_n_roll,techno_trance
musical,pop,rock,latino
pop,hiphop_rap
classical_music,pop,hiphop_rap,reggae
musical,pop,rock,punk,hiphop_rap,latino
pop,hiphop_rap,latino
country,classical_music,hiphop_rap,reggae,opera
folk,country,rock,metal_or_hardrock,punk,reggae,swing_jazz,rock_n_roll,alternative,latino
hiphop_rap
pop,rock,hiphop_rap,latino,techno_trance
country,musical,pop,hiphop_rap,reggae,swing_jazz,rock_n_roll,latino,techno_trance
folk,country,musical,pop,rock,hiphop_rap,latino,techno_trance,opera
pop,rock,hiphop_rap,reggae,rock_n_roll,latino
pop,rock,hiphop_rap,reggae,rock_n_roll,latino
rock,metal_or_hardrock,punk,alternative
classical_music,musical,pop,rock,swing_jazz,latino,techno_trance
country,classical_music,musical,rock,metal_or_hardrock,punk,hiphop_rap,reggae,swing_jazz,rock_n_roll,alternative,opera
country,classical_music,rock,metal_or_hardrock,techno_trance
pop,rock,hiphop_rap
musical,pop,rock,punk,reggae,rock_n_roll,alternative,latino
classical_music,pop,rock,swing_jazz,rock_n_roll,alternative,latino,techno_trance
classical_music,rock,swing_jazz,rock_n_roll,alternative
musical,rock
folk,musical,rock,metal_or_hardrock,punk,reggae
country,classical_music,musical,swing_jazz,rock_n_roll,opera
folk,country,classical_music,musical,pop,swing_jazz,rock_n_roll,opera
pop,hiphop_rap,techno_trance
classical_music,hiphop_rap,reggae,swing_jazz,rock_n_roll
rock,metal_or_hardrock,punk,alternative,techno_trance
hiphop_rap
rock,alternative,latino
pop,reggae,latino
classical_music,musical,pop,rock,hiphop_rap,reggae
rock,metal_or_hardrock,punk,reggae
classical_music,musical,rock,punk,reggae,swing_jazz,rock_n_roll,alternative,opera
musical,pop,hiphop_rap,reggae,swing_jazz,latino,techno_trance,opera
classical_music,rock,metal_or_hardrock,swing_jazz,rock_n_roll,alternative
rock,metal_or_hardrock
folk,country,classical_music,pop,rock,hiphop_rap,reggae,swing_jazz,rock_n_roll,latino,opera
rock,metal_or_hardrock,swing_jazz,alternative
classical_music,rock,metal_or_hardrock
country,classical_music,rock,metal_or_hardrock,opera
folk,pop,rock,reggae,swing_jazz,rock_n_roll,alternative,latino,techno_trance
classical_music,rock,swing_jazz,rock_n_roll,alternative,techno_trance,opera
classical_music,swing_jazz,latino,techno_trance
pop,rock,techno_trance
musical,pop,rock,opera
classical_music,musical,pop,rock,latino
rock,rock_n_roll,alternative
pop,latino
classical_music,rock,punk,reggae,swing_jazz,rock_n_roll,alternative
pop
classical_music,musical,rock,metal_or_hardrock,swing_jazz,rock_n_roll,latino
country,pop,rock,hiphop_rap,rock_n_roll
classical_music,rock,punk,swing_jazz,rock_n_roll,alternative
musical,rock,swing_jazz,rock_n_roll
folk,classical_music,musical,rock,swing_jazz,rock_n_roll
rock,reggae,swing_jazz,alternative
pop,rock,punk,hiphop_rap
country,classical_music,pop,rock,reggae,rock_n_roll,alternative
country,classical_music,musical,pop,rock,metal_or_hardrock,rock_n_roll,alternative,latino,techno_trance
pop,rock,swing_jazz,alternative
classical_music,rock
pop,hiphop_rap
pop,rock,punk,reggae
folk,classical_music,swing_jazz
hiphop_rap,reggae,swing_jazz,rock_n_roll,alternative,latino,techno_trance
classical_music,rock,metal_or_hardrock,punk,reggae,swing_jazz,rock_n_roll,alternative
pop,hiphop_rap
classical_music,musical,pop,rock,hiphop_rap,swing_jazz,rock_n_roll,latino
classical_music,musical,swing_jazz,rock_n_roll
pop,rock,hiphop_rap,swing_jazz,rock_n_roll
pop,rock,swing_jazz,latino
rock,metal_or_hardrock,punk,hiphop_rap,alternative,latino
pop,rock
pop,rock,hiphop_rap,reggae
rock,rock_n_roll,latino,techno_trance
rock
classical_music,pop,rock,punk,hiphop_rap
rock,metal_or_hardrock,hiphop_rap,alternative
folk,country,pop,hiphop_rap,rock_n_roll
musical
classical_music,musical,rock,metal_or_hardrock,swing_jazz,rock_n_roll,opera
rock,metal_or_hardrock,punk,reggae,swing_jazz,rock_n_roll,alternative
pop,rock,hiphop_rap,rock_n_roll
pop,hiphop_rap,swing_jazz
country,classical_music,rock,metal_or_hardrock,punk
classical_music,swing_jazz,alternative
folk,classical_music,rock,punk,reggae
folk,country,pop,rock,metal_or_hardrock,punk
pop,rock,hiphop_rap,reggae,swing_jazz,techno_trance
folk,classical_music,musical,pop,rock,reggae,alternative
rock,metal_or_hardrock,punk,reggae,swing_jazz,rock_n_roll,alternative
pop,rock,hiphop_rap
folk,country,classical_music,pop,hiphop_rap,reggae,latino
pop,techno_trance
pop,swing_jazz,rock_n_roll,alternative
country,pop,hiphop_rap,latino
metal_or_hardrock,opera
rock,punk,hiphop_rap,reggae
classical_music,pop,rock,rock_n_roll
classical_music,musical,rock,metal_or_hardrock,alternative
rock,swing_jazz,rock_n_roll,alternative,latino
classical_music,pop,rock,hiphop_rap
classical_music,musical,rock,metal_or_hardrock,punk,reggae,swing_jazz,rock_n_roll,alternative
classical_music,musical,techno_trance,opera
folk,opera
classical_music,rock,metal_or_hardrock,reggae,swing_jazz,rock_n_roll,latino
rock,metal_or_hardrock,reggae,rock_n_roll,alternative
folk,classical_music,rock,metal_or_hardrock,alternative
classical_music,rock,metal_or_hardrock,rock_n_roll,opera
classical_music,swing_jazz,techno_trance,opera
rock,metal_or_hardrock,punk,rock_n_roll,alternative
classical_music,rock,hiphop_rap,reggae,swing_jazz,latino
classical_music,musical,pop,rock,metal_or_hardrock,reggae,latino,opera
musical,pop,hiphop_rap,reggae,swing_jazz,alternative,techno_trance
musical,rock,swing_jazz,rock_n_roll,alternative
musical,hiphop_rap,rock_n_roll,latino
folk,pop,opera
pop,alternative,techno_trance
classical_music,musical,opera
classical_music,rock,metal_or_hardrock,punk,opera
classical_music,rock,metal_or_hardrock
folk,classical_music,musical,pop,swing_jazz,alternative,opera
pop,rock,hiphop_rap,techno_trance
folk,classical_music,rock,metal_or_hardrock,punk,rock_n_roll,alternative
rock,punk,rock_n_roll,alternative
hiphop_rap
pop,rock,hiphop_rap,reggae
musical
folk,rock,punk,hiphop_rap,reggae,rock_n_roll
hiphop_rap,techno_trance
classical_music,pop,rock,metal_or_hardrock,hiphop_rap,reggae,rock_n_roll
folk,pop,rock,hiphop_rap,reggae,rock_n_roll,alternative
hiphop_rap,techno_trance
pop,rock,latino
rock,metal_or_hardrock,punk,reggae,swing_jazz,rock_n_roll,alternative
folk,classical_music,musical,pop,rock,swing_jazz,rock_n_roll,latino,opera
classical_music,musical,rock,metal_or_hardrock,swing_jazz,rock_n_roll,opera
classical_music,musical,punk,rock_n_roll,latino,opera
pop,rock,punk,hiphop_rap,reggae,swing_jazz,rock_n_roll
classical_music,rock,metal_or_hardrock,hiphop_rap,reggae,swing_jazz,rock_n_roll,latino
folk,country,classical_music,pop,rock,metal_or_hardrock,hiphop_rap,reggae,swing_jazz,rock_n_roll,latino,techno_trance
musical,pop,rock,hiphop_rap,reggae,swing_jazz,rock_n_roll,latino,techno_trance
classical_music,rock,swing_jazz,rock_n_roll,alternative,opera
musical,pop,rock,punk,hiphop_rap,alternative,techno_trance
rock,metal_or_hardrock,swing_jazz,rock_n_roll,alternative
hiphop_rap,latino
rock,metal_or_hardrock
musical,pop,rock_n_roll,alternative
pop,hiphop_rap
hiphop_rap,techno_trance
classical_music,hiphop_rap,reggae,swing_jazz,alternative
folk,classical_music,rock,metal_or_hardrock,punk,hiphop_rap,reggae,swing_jazz,rock_n_roll,alternative,techno_trance
country,classical_music,pop,rock,swing_jazz
pop,hiphop_rap,swing_jazz,latino
classical_music,musical,pop,rock,punk,alternative
classical_music,musical,rock,punk,reggae,swing_jazz,rock_n_roll,alternative
folk,country,pop,rock,hiphop_rap
folk,classical_music,rock,swing_jazz,alternative,latino
folk,classical_music,swing_jazz,rock_n_roll,alternative
country,pop,punk,reggae
folk,country,classical_music,musical,pop,hiphop_rap,latino
pop,rock,rock_n_roll,latino
country,classical_music,reggae,swing_jazz,latino
classical_music,pop,rock,metal_or_hardrock,punk,hiphop_rap,reggae,rock_n_roll,latino,techno_trance
folk,pop,rock,metal_or_hardrock,punk,reggae,alternative,latino
rock,metal_or_hardrock,rock_n_roll,latino
musical,pop,rock,reggae,rock_n_roll,latino
pop,hiphop_rap,reggae,latino
pop,hiphop_rap,latino
classical_music,rock,swing_jazz,rock_n_roll,alternative,opera
None
musical,hiphop_rap,opera
musical,pop,rock,latino
classical_music,musical,pop,rock,punk,swing_jazz,rock_n_roll,alternative
country,musical,pop,rock,rock_n_roll,latino
rock,punk,hiphop_rap,reggae,swing_jazz,rock_n_roll,alternative
classical_music,pop,rock,reggae,swing_jazz,rock_n_roll,latino,opera
classical_music,musical,rock,reggae,swing_jazz,alternative,latino
classical_music,pop,rock,metal_or_hardrock,hiphop_rap
folk,country,classical_music,musical,pop,rock,metal_or_hardrock,punk,swing_jazz,rock_n_roll,alternative,latino,opera
pop,hiphop_rap,reggae,latino
musical,pop,rock,punk,hiphop_rap,reggae,latino,techno_trance
pop,rock,alternative,latino,opera
None
musical,pop,hiphop_rap,rock_n_roll,latino
folk,country,classical_music,musical,rock,metal_or_hardrock,swing_jazz,rock_n_roll,alternative,latino,opera
folk,pop,latino
pop,rock,hiphop_rap,techno_trance
classical_music,rock,metal_or_hardrock,swing_jazz,alternative
rock,rock_n_roll,latino,opera
None
pop
folk,classical_music,musical,rock,swing_jazz,alternative,opera
musical,pop,rock,hiphop_rap,rock_n_roll,latino
pop,rock,hiphop_rap,reggae
pop,hiphop_rap
pop,rock,swing_jazz,latino
country,classical_music,rock,metal_or_hardrock,punk
pop,latino
classical_music,musical,rock,punk,latino,opera
pop,rock,metal_or_hardrock,punk,hiphop_rap,reggae,swing_jazz,rock_n_roll,alternative
pop,rock,metal_or_hardrock,punk,hiphop_rap,reggae,swing_jazz,rock_n_roll,alternative
folk,classical_music,rock,metal_or_hardrock,punk,reggae,swing_jazz,alternative,opera
classical_music,musical,pop,rock,punk,hiphop_rap,reggae,swing_jazz,rock_n_roll,alternative,latino,techno_trance
pop,hiphop_rap,rock_n_roll
country,classical_music,musical,rock,metal_or_hardrock,swing_jazz,latino,techno_trance
country,pop,rock,metal_or_hardrock,rock_n_roll
pop,rock,rock_n_roll
folk,classical_music,rock,hiphop_rap,reggae,alternative,latino
pop
musical,rock,metal_or_hardrock,alternative,latino,techno_trance
classical_music,rock,metal_or_hardrock,punk,hiphop_rap,reggae,swing_jazz,rock_n_roll,latino
None
pop,rock,punk,hiphop_rap,swing_jazz
None
pop,rock,opera
classical_music,pop,rock,hiphop_rap,reggae,alternative,latino
pop,rock,punk,hiphop_rap,alternative
hiphop_rap,reggae,latino,techno_trance
musical,pop,rock,hiphop_rap,rock_n_roll
musical,pop,rock,hiphop_rap,swing_jazz,rock_n_roll,latino
rock,metal_or_hardrock,punk,reggae,rock_n_roll
musical,pop,rock,latino
classical_music,musical,rock,metal_or_hardrock,punk,reggae,alternative
classical_music,rock,punk,reggae,swing_jazz,alternative,latino
country,pop,rock,reggae,rock_n_roll,alternative,opera
pop,reggae,techno_trance
alternative,techno_trance
pop,hiphop_rap,reggae,swing_jazz,rock_n_roll,latino
musical,rock,hiphop_rap,reggae
folk,classical_music,rock,metal_or_hardrock,alternative,opera
classical_music,rock,metal_or_hardrock,opera
folk,musical,pop,rock,hiphop_rap,rock_n_roll,latino
country,musical,pop,rock,metal_or_hardrock,hiphop_rap,latino
classical_music,musical,pop,rock
rock,rock_n_roll,alternative
rock,punk,hiphop_rap,reggae,swing_jazz,rock_n_roll,alternative,latino,techno_trance
folk,musical,rock,metal_or_hardrock,swing_jazz,rock_n_roll
pop,techno_trance
rock,hiphop_rap,rock_n_roll
pop,rock,techno_trance
folk,classical_music,musical,pop,rock,hiphop_rap,reggae,swing_jazz,latino,opera
rock
classical_music,pop,hiphop_rap,rock_n_roll,latino
folk,country,classical_music,musical,pop,rock,metal_or_hardrock,punk,reggae,swing_jazz,rock_n_roll,alternative,latino,techno_trance,opera
pop
techno_trance
rock,latino,techno_trance
country,swing_jazz,rock_n_roll
classical_music,musical,pop,rock,swing_jazz,alternative,latino
rock,metal_or_hardrock,alternative,techno_trance
country,musical,pop,rock,hiphop_rap,rock_n_roll,latino
classical_music,rock,metal_or_hardrock,punk,rock_n_roll,alternative
country,classical_music,musical,pop,rock,opera
pop
folk,pop,rock,metal_or_hardrock,punk,hiphop_rap,reggae,rock_n_roll,techno_trance
pop,rock
classical_music,musical,pop,hiphop_rap,reggae,rock_n_roll
country,rock,metal_or_hardrock,punk,reggae,alternative
pop,rock,hiphop_rap
classical_music,rock,alternative
rock,hiphop_rap,swing_jazz,rock_n_roll,techno_trance
musical,latino
musical,pop,rock
swing_jazz,alternative,latino
pop,rock,hiphop_rap,reggae,swing_jazz,techno_trance
pop,techno_trance
hiphop_rap,techno_trance
classical_music,rock
classical_music,rock,metal_or_hardrock,punk,rock_n_roll,alternative
classical_music,alternative
hiphop_rap,techno_trance
musical,hiphop_rap,reggae,latino
folk,musical,pop,rock,rock_n_roll,latino
folk,country,pop,rock_n_roll
pop,rock,punk
hiphop_rap,reggae,techno_trance
pop,rock,metal_or_hardrock,punk
folk,classical_music,musical,pop,swing_jazz,rock_n_roll,opera
pop,techno_trance
pop,rock
country,classical_music,pop,rock,punk,reggae,swing_jazz,rock_n_roll,alternative
rock,metal_or_hardrock,rock_n_roll
pop,hiphop_rap,alternative
classical_music,musical,pop,rock,opera
pop,hiphop_rap
country,classical_music,musical,pop,rock,hiphop_rap,reggae,rock_n_roll
rock,metal_or_hardrock,hiphop_rap,latino
rock,rock_n_roll
country,pop,hiphop_rap,reggae
pop,rock,hiphop_rap,reggae,rock_n_roll
folk,country,classical_music,rock,metal_or_hardrock,reggae,swing_jazz
classical_music,musical,rock,metal_or_hardrock,punk,reggae,rock_n_roll,latino,opera
classical_music,musical,rock,punk,reggae,rock_n_roll,alternative,latino,opera
pop,rock,metal_or_hardrock,rock_n_roll
classical_music,rock,metal_or_hardrock,punk,reggae,swing_jazz,rock_n_roll,alternative,opera
pop,rock
classical_music,pop,rock,metal_or_hardrock,punk,swing_jazz,rock_n_roll,alternative
pop,reggae,latino
metal_or_hardrock,techno_trance
classical_music,pop,rock,hiphop_rap,latino
folk,country,classical_music,musical,pop,rock,swing_jazz,rock_n_roll,latino,opera
rock,punk,reggae,alternative,techno_trance
pop
pop
pop,rock,hiphop_rap
pop,hiphop_rap
classical_music,rock,metal_or_hardrock,swing_jazz,rock_n_roll,alternative
musical,pop,rock,hiphop_rap,reggae
folk,classical_music,musical,pop,rock,swing_jazz,latino,opera
pop,rock,hiphop_rap,rock_n_roll,latino,techno_trance
classical_music,rock,opera
country,pop,hiphop_rap,latino,techno_trance
musical,rock,punk,alternative
rock,metal_or_hardrock,hiphop_rap,reggae,swing_jazz,rock_n_roll,alternative
folk,country,classical_music,musical,pop,rock,hiphop_rap,reggae,swing_jazz,rock_n_roll,alternative,latino
pop,rock,hiphop_rap,reggae,techno_trance
musical,pop,hiphop_rap,reggae,latino
folk,classical_music,musical,pop,rock,hiphop_rap,reggae,swing_jazz,rock_n_roll,latino
swing_jazz,latino
alternative
None
pop,hiphop_rap,latino
metal_or_hardrock
rock
rock,metal_or_hardrock,rock_n_roll,alternative,techno_trance
folk,classical_music,musical,swing_jazz,opera
folk,pop,hiphop_rap,latino
hiphop_rap,reggae,rock_n_roll,latino,techno_trance
folk,classical_music,musical,pop,rock,punk,reggae,alternative,opera
pop,techno_trance
rock,metal_or_hardrock
folk,classical_music,pop,rock,metal_or_hardrock
musical,rock,reggae,rock_n_roll
folk,country,classical_music,pop,rock,punk,rock_n_roll,alternative,techno_trance
hiphop_rap,swing_jazz
folk,classical_music,musical,pop,rock,swing_jazz,rock_n_roll,latino,techno_trance,opera
swing_jazz
folk,classical_music,musical,swing_jazz,rock_n_roll,latino,opera
country,musical,pop,rock,hiphop_rap,rock_n_roll,techno_trance
pop,rock,punk,hiphop_rap,rock_n_roll
musical,pop,rock,hiphop_rap,swing_jazz,latino
rock,metal_or_hardrock,techno_trance
pop,rock,metal_or_hardrock,punk,rock_n_roll
classical_music,pop,rock_n_roll,alternative
pop,rock,hiphop_rap,rock_n_roll
classical_music,pop,techno_trance
metal_or_hardrock,punk,reggae,rock_n_roll,alternative
folk,pop,latino
country,classical_music,musical,pop,rock,swing_jazz,rock_n_roll,alternative,opera
rock,punk
classical_music,musical,pop,rock,swing_jazz
musical,pop,hiphop_rap,latino,techno_trance
pop,rock
hiphop_rap,swing_jazz,techno_trance
pop,rock,punk,reggae,rock_n_roll,alternative
rock,metal_or_hardrock,swing_jazz,rock_n_roll,alternative
classical_music,swing_jazz,alternative,opera
classical_music,musical,pop,punk
rock,metal_or_hardrock,punk
classical_music,pop,rock,reggae,latino
latino,techno_trance,opera
rock,metal_or_hardrock,rock_n_roll,alternative
folk,country,musical,pop,rock,punk,alternative
pop,hiphop_rap,latino,techno_trance
rock,metal_or_hardrock,rock_n_roll
pop,rock,latino
techno_trance
pop,rock,metal_or_hardrock,punk,hiphop_rap
pop,hiphop_rap,techno_trance
classical_music,pop,rock,rock_n_roll,techno_trance
pop,latino
country,pop,rock,punk,reggae,swing_jazz,rock_n_roll
classical_music
country,metal_or_hardrock,punk,reggae,swing_jazz,rock_n_roll,alternative,techno_trance
pop,hiphop_rap,latino
hiphop_rap,techno_trance
musical
pop,rock,hiphop_rap,rock_n_roll
musical,rock,rock_n_roll,latino
classical_music,pop,opera
pop,rock
pop,rock_n_roll
musical,rock,rock_n_roll,latino
pop,rock,punk,reggae,swing_jazz,rock_n_roll,alternative
pop,rock,punk,techno_trance
punk,hiphop_rap,reggae
pop,rock,techno_trance
folk,country,classical_music,musical,pop,hiphop_rap,rock_n_roll,alternative,latino,techno_trance,opera
reggae,alternative
rock,punk,hiphop_rap,reggae
folk,latino,opera
rock,punk,alternative
pop,alternative,latino
rock,punk,rock_n_roll,latino
musical,reggae,swing_jazz,latino
pop,hiphop_rap,techno_trance
hiphop_rap
country,classical_music,pop,rock,hiphop_rap,reggae,swing_jazz,rock_n_roll
pop,hiphop_rap,reggae,rock_n_roll,alternative,techno_trance
pop
rock,metal_or_hardrock,punk,reggae,rock_n_roll,alternative
country,pop
rock,metal_or_hardrock,alternative
pop,hiphop_rap,techno_trance
country,classical_music,musical,rock,metal_or_hardrock,punk,reggae,rock_n_roll,latino
classical_music,pop,rock,metal_or_hardrock,swing_jazz,rock_n_roll,alternative,latino
musical,rock,rock_n_roll,alternative
pop,rock,rock_n_roll,alternative
rock,punk,swing_jazz,rock_n_roll,latino
country,musical,pop,rock,hiphop_rap,swing_jazz,rock_n_roll,alternative,latino,techno_trance,opera
folk,classical_music,metal_or_hardrock,swing_jazz,rock_n_roll,alternative,techno_trance,opera
rock,punk,hiphop_rap,reggae
classical_music,pop,rock,punk,swing_jazz,latino
pop,rock
pop,rock,swing_jazz,rock_n_roll,alternative,latino
pop
None
folk,classical_music,musical,rock,swing_jazz,rock_n_roll,alternative,opera
rock,punk,reggae,rock_n_roll,alternative
hiphop_rap,latino,techno_trance
pop,rock,latino
classical_music,musical,rock,rock_n_roll,alternative
pop,hiphop_rap,latino
musical,rock,reggae,swing_jazz,rock_n_roll,alternative
rock,punk,rock_n_roll,alternative
country,classical_music,musical,rock_n_roll,latino,opera
classical_music,musical,pop,rock,swing_jazz,rock_n_roll,latino,opera
rock,alternative
folk,pop,rock,punk
folk,classical_music,rock,rock_n_roll,alternative,latino,techno_trance,opera
folk,classical_music,pop,rock,swing_jazz,rock_n_roll,latino
classical_music,rock,punk,swing_jazz,rock_n_roll
classical_music,musical,pop,rock,latino,techno_trance,opera
pop,hiphop_rap
folk,rock,punk,rock_n_roll,alternative
hiphop_rap
folk,musical,reggae,swing_jazz,rock_n_roll,alternative,latino
country,classical_music,rock,rock_n_roll,alternative
folk,musical,pop,hiphop_rap,techno_trance
classical_music,musical,pop,rock,hiphop_rap,reggae,swing_jazz,opera
hiphop_rap,reggae,swing_jazz
folk,techno_trance
rock,metal_or_hardrock,punk
folk,country,rock,rock_n_roll
musical,pop,rock,metal_or_hardrock,alternative
pop,rock,metal_or_hardrock,hiphop_rap,techno_trance
classical_music,musical,pop,rock,hiphop_rap,latino,techno_trance,opera
pop,rock,hiphop_rap,latino,techno_trance,opera
hiphop_rap,reggae,techno_trance
pop,hiphop_rap,reggae,latino
folk,classical_music,musical,pop,swing_jazz,rock_n_roll,latino
pop,latino,techno_trance
rock_n_roll
classical_music,rock,metal_or_hardrock,punk,reggae,alternative
rock
pop,rock,metal_or_hardrock,punk,hiphop_rap,reggae,rock_n_roll
pop,rock,reggae,swing_jazz,rock_n_roll,alternative,latino
classical_music,pop,rock,hiphop_rap,rock_n_roll
rock,alternative
folk,pop,alternative
folk,country,classical_music,rock,metal_or_hardrock,rock_n_roll,alternative
pop,rock,reggae,swing_jazz,latino,techno_trance
rock,rock_n_roll,alternative
pop,hiphop_rap,reggae,swing_jazz,latino
country,classical_music,musical,pop,rock,punk,hiphop_rap,swing_jazz,rock_n_roll,latino,techno_trance
pop,hiphop_rap,techno_trance
classical_music,rock,alternative
pop,rock,metal_or_hardrock,punk,hiphop_rap
classical_music,pop,rock,metal_or_hardrock,alternative,opera
folk,classical_music,musical,pop,rock,hiphop_rap,reggae,rock_n_roll,opera
hiphop_rap
pop,rock,punk,hiphop_rap,reggae,swing_jazz,alternative,latino
classical_music,pop,rock,metal_or_hardrock,swing_jazz,rock_n_roll,alternative,latino,techno_trance
classical_music,musical,rock,metal_or_hardrock,rock_n_roll,alternative
None
classical_music,musical,pop,rock,reggae,swing_jazz,rock_n_roll,alternative,latino,opera
folk,classical_music,rock,metal_or_hardrock,rock_n_roll,opera
rock,rock_n_roll,alternative
pop,hiphop_rap,latino,techno_trance
folk,country,rock,rock_n_roll,alternative
pop
rock,reggae,swing_jazz,alternative,latino
folk
folk,musical
pop,hiphop_rap,reggae,latino
pop,hiphop_rap
pop,rock,reggae,swing_jazz,rock_n_roll
musical,pop,latino
rock,hiphop_rap
classical_music,pop,metal_or_hardrock,punk,hiphop_rap,reggae,rock_n_roll,latino
classical_music,pop,rock,hiphop_rap,swing_jazz,rock_n_roll,latino,techno_trance
pop,hiphop_rap
pop,rock,hiphop_rap
rock,punk
pop
hiphop_rap
reggae
pop
folk
None
pop,hiphop_rap,techno_trance
classical_music
rock,alternative,techno_trance
techno_trance
folk,classical_music,musical,rock,alternative,latino
country,musical,hiphop_rap,reggae
musical
musical,pop,hiphop_rap,rock_n_roll,latino
classical_music,pop,rock,metal_or_hardrock,swing_jazz,rock_n_roll,techno_trance
hiphop_rap
musical,rock,punk,hiphop_rap,reggae,alternative,techno_trance
hiphop_rap,reggae,swing_jazz,techno_trance
musical,pop,rock,hiphop_rap,swing_jazz,rock_n_roll
pop,latino,techno_trance
rock,swing_jazz,rock_n_roll,latino,techno_trance
country,classical_music,metal_or_hardrock,alternative,techno_trance
rock,metal_or_hardrock,punk,reggae
musical,hiphop_rap,latino
musical,rock,metal_or_hardrock,punk,rock_n_roll
musical,rock,metal_or_hardrock,reggae,swing_jazz,rock_n_roll,latino
musical,pop,hiphop_rap,swing_jazz,latino
pop,hiphop_rap,latino,techno_trance
classical_music,rock,reggae,alternative,latino
classical_music,rock,punk,swing_jazz,alternative
rock,metal_or_hardrock,punk,reggae
pop,hiphop_rap,reggae,techno_trance
pop,rock,hiphop_rap,rock_n_roll
rock,punk,hiphop_rap,latino
country,pop,rock,hiphop_rap,reggae,rock_n_roll,alternative
classical_music,pop,rock,metal_or_hardrock,hiphop_rap,reggae,alternative,techno_trance
folk,classical_music,rock,swing_jazz,rock_n_roll,alternative,latino
pop,rock,metal_or_hardrock,swing_jazz,rock_n_roll
musical,pop,rock,hiphop_rap,swing_jazz,alternative,latino,techno_trance
pop,rock,punk,hiphop_rap,reggae,alternative
folk,country,rock,punk,rock_n_roll
pop,rock
pop,rock_n_roll,latino
folk,classical_music,pop,punk,hiphop_rap,reggae,swing_jazz,rock_n_roll,alternative,latino,opera
classical_music,hiphop_rap,techno_trance
pop,rock,metal_or_hardrock,swing_jazz,rock_n_roll,alternative
pop
rock,hiphop_rap,reggae,latino,techno_trance
rock,hiphop_rap,swing_jazz,alternative,latino
pop,rock,reggae,swing_jazz,techno_trance
classical_music,musical,pop,rock,swing_jazz,alternative
country,classical_music,rock,reggae,rock_n_roll,latino,techno_trance
country,classical_music,musical,rock,latino,opera
folk,classical_music,musical,pop,rock,hiphop_rap,reggae,swing_jazz,latino,opera
classical_music,musical,opera
classical_music,pop,rock,hiphop_rap
metal_or_hardrock,alternative,techno_trance
folk,country,classical_music,musical,pop,rock,punk,reggae,swing_jazz,rock_n_roll,techno_trance
hiphop_rap,reggae
pop,rock,hiphop_rap,rock_n_roll
pop,hiphop_rap,rock_n_roll,latino
hiphop_rap,reggae,swing_jazz,techno_trance
folk,musical,alternative
rock,metal_or_hardrock,punk,hiphop_rap,reggae
pop,rock,hiphop_rap,latino
pop,rock,hiphop_rap,reggae,swing_jazz,rock_n_roll,latino,techno_trance
classical_music,musical,pop,rock,latino
pop,hiphop_rap,techno_trance
folk,pop
folk,classical_music,musical,pop,hiphop_rap,swing_jazz,alternative
folk,musical,pop,rock,reggae,swing_jazz,rock_n_roll,latino
folk,country,pop,rock,punk,hiphop_rap,reggae,rock_n_roll,alternative,latino,opera
classical_music,pop,rock,punk
musical,pop,rock,punk,hiphop_rap,reggae,rock_n_roll
rock,metal_or_hardrock,swing_jazz,rock_n_roll,alternative
classical_music,pop,rock,metal_or_hardrock,punk,hiphop_rap
pop,hiphop_rap,reggae
folk,classical_music,musical,opera
pop,rock,hiphop_rap,rock_n_roll,latino,opera
pop,rock,hiphop_rap,reggae
classical_music,musical,hiphop_rap,alternative,latino,techno_trance
musical,pop,rock
classical_music,musical,pop,hiphop_rap,swing_jazz,rock_n_roll,latino
folk,musical,pop,rock_n_roll,latino
hiphop_rap,reggae,swing_jazz,rock_n_roll
pop,hiphop_rap
hiphop_rap,latino,techno_trance
pop,rock
rock,metal_or_hardrock,swing_jazz,rock_n_roll,latino,opera
pop,latino
rock,punk,reggae,techno_trance
classical_music,rock,swing_jazz,rock_n_roll,opera
pop,hiphop_rap
hiphop_rap,techno_trance
pop,rock,metal_or_hardrock,punk,alternative
pop,rock,punk,reggae,swing_jazz
None
pop,rock,reggae
classical_music,metal_or_hardrock,punk,reggae,alternative
folk,country,musical,rock_n_roll,latino
rock,metal_or_hardrock,punk,hiphop_rap,reggae,rock_n_roll,alternative,techno_trance,opera
rock,rock_n_roll,alternative
classical_music,hiphop_rap,reggae,swing_jazz
classical_music,rock,metal_or_hardrock,swing_jazz,rock_n_roll,alternative,latino
musical,punk,hiphop_rap,alternative,latino,techno_trance
latino
hiphop_rap,reggae,swing_jazz,rock_n_roll,alternative,latino,techno_trance
folk,classical_music,musical,pop,rock,opera
musical,pop,rock,swing_jazz,rock_n_roll,latino,opera
rock,hiphop_rap
musical,pop,rock
alternative
pop,latino
rock,metal_or_hardrock,punk,reggae,rock_n_roll,alternative,latino,opera
rock,punk,reggae,swing_jazz,rock_n_roll,alternative
country,musical,pop,rock,hiphop_rap,reggae,rock_n_roll,latino,techno_trance
classical_music,musical,rock,metal_or_hardrock,punk,hiphop_rap,reggae,swing_jazz,alternative,latino,techno_trance,opera
pop,rock,punk,reggae,rock_n_roll,techno_trance
folk,country,pop,rock,metal_or_hardrock,rock_n_roll,latino
pop,rock,hiphop_rap,latino
musical,pop,hiphop_rap,swing_jazz,rock_n_roll,latino
folk,country,classical_music,pop,rock
rock,metal_or_hardrock,punk,hiphop_rap,rock_n_roll
musical,pop,rock,punk,latino
pop,rock,hiphop_rap,latino
rock,rock_n_roll,alternative
rock,metal_or_hardrock,hiphop_rap,swing_jazz,rock_n_roll,alternative,latino
pop,rock,metal_or_hardrock,punk,hiphop_rap,swing_jazz,rock_n_roll,alternative
pop,hiphop_rap,latino,techno_trance
country,classical_music,rock,metal_or_hardrock,swing_jazz,rock_n_roll,latino,techno_trance
musical,pop,rock,hiphop_rap,swing_jazz,rock_n_roll,alternative,latino,opera
folk,musical,pop
pop,rock,punk
folk,pop,hiphop_rap,reggae,latino
pop,latino
rock,hiphop_rap,latino
folk,classical_music,techno_trance,opera
classical_music,pop,rock,metal_or_hardrock,opera
rock,metal_or_hardrock,punk,reggae
musical,pop,rock,hiphop_rap,reggae,rock_n_roll,latino
classical_music,rock,punk,reggae,swing_jazz,rock_n_roll,alternative
musical,pop,rock,hiphop_rap
musical,rock,metal_or_hardrock,alternative,opera
pop,hiphop_rap,reggae,alternative,techno_trance
rock,metal_or_hardrock,hiphop_rap,swing_jazz,rock_n_roll,alternative,latino
pop,rock,hiphop_rap,reggae
country,pop,rock,reggae,rock_n_roll,latino
musical,pop,latino
folk,country,rock,punk,hiphop_rap,reggae,swing_jazz,rock_n_roll,alternative,latino
rock,hiphop_rap,reggae
musical,rock,metal_or_hardrock,punk,reggae
folk,country,classical_music,hiphop_rap,reggae
classical_music,pop,rock
classical_music,pop,rock,metal_or_hardrock,punk,swing_jazz,opera
pop
classical_music,metal_or_hardrock,hiphop_rap,reggae,swing_jazz,alternative,latino,opera
folk,classical_music,pop,rock,alternative
classical_music,pop,rock,hiphop_rap,swing_jazz,rock_n_roll,alternative,latino
musical,pop,rock,swing_jazz
musical,pop,rock_n_roll,latino
classical_music,pop,hiphop_rap,swing_jazz,alternative
folk,pop,hiphop_rap,reggae,techno_trance
pop,rock,latino,techno_trance
musical,pop,hiphop_rap
classical_music,musical,pop,rock,metal_or_hardrock,hiphop_rap,reggae,rock_n_roll,alternative
rock,metal_or_hardrock,punk,swing_jazz,alternative
pop,rock,hiphop_rap,swing_jazz,rock_n_roll,alternative
classical_music,hiphop_rap,swing_jazz
folk,country,classical_music,musical,rock,reggae,swing_jazz,rock_n_roll,latino,opera
folk,country,classical_music,musical,latino,opera
classical_music
country,classical_music,musical,pop,rock,metal_or_hardrock,swing_jazz,rock_n_roll,latino,opera
musical,rock,swing_jazz,rock_n_roll,alternative,latino
rock,metal_or_hardrock,hiphop_rap,rock_n_roll
country,classical_music,musical,pop,rock,metal_or_hardrock,rock_n_roll,opera
pop,rock,hiphop_rap
folk,classical_music,swing_jazz,rock_n_roll,alternative,latino,opera
country,classical_music,rock,reggae,alternative,latino,techno_trance
rock,metal_or_hardrock,punk,alternative
classical_music,musical,rock,metal_or_hardrock,punk,rock_n_roll,alternative
folk,rock,techno_trance
pop,rock,rock_n_roll,alternative,latino
classical_music,musical,pop,metal_or_hardrock,hiphop_rap,reggae,swing_jazz,alternative,opera
classical_music,musical,rock,metal_or_hardrock,punk
folk,country,rock,rock_n_roll,alternative
folk,classical_music,hiphop_rap,swing_jazz,rock_n_roll,alternative,latino,opera
folk,classical_music,musical,pop,rock,punk,latino,opera
musical,pop,hiphop_rap,swing_jazz,latino,techno_trance
classical_music,rock,rock_n_roll,alternative
pop,hiphop_rap,latino
rock,metal_or_hardrock,punk,reggae,swing_jazz,rock_n_roll
country,pop,rock,metal_or_hardrock,punk,reggae,rock_n_roll,alternative,techno_trance
classical_music,musical,hiphop_rap,reggae,swing_jazz,latino,techno_trance
techno_trance
folk,classical_music,musical,pop,rock,swing_jazz,rock_n_roll,alternative,latino,opera
pop,rock,metal_or_hardrock,punk,rock_n_roll,alternative
pop,hiphop_rap,reggae
hiphop_rap,reggae,alternative
rock,punk,alternative
musical,pop,latino
classical_music,pop,rock,metal_or_hardrock,punk,rock_n_roll,alternative
folk,country,classical_music,musical,pop,rock,metal_or_hardrock,punk,hiphop_rap,reggae,swing_jazz,rock_n_roll,latino,techno_trance,opera
country,metal_or_hardrock,rock_n_roll,alternative
pop,hiphop_rap
None
None
folk,country,classical_music,rock,metal_or_hardrock,punk,opera
classical_music,pop,hiphop_rap,rock_n_roll,latino
rock,metal_or_hardrock,hiphop_rap,swing_jazz,rock_n_roll,alternative,latino
classical_music,opera
classical_music,rock,hiphop_rap,alternative,latino,techno_trance,opera
folk,pop,rock,rock_n_roll,latino,techno_trance
pop,hiphop_rap
pop
country,classical_music,musical,hiphop_rap,swing_jazz,alternative
pop,rock,latino,techno_trance
swing_jazz,rock_n_roll
country,classical_music,musical,rock,metal_or_hardrock,punk,reggae,swing_jazz,rock_n_roll,alternative,latino
folk,classical_music,musical,pop,rock,metal_or_hardrock,techno_trance
classical_music,musical,pop,swing_jazz,techno_trance
musical,pop,hiphop_rap
classical_music,pop,rock,metal_or_hardrock,swing_jazz,rock_n_roll,alternative,latino
musical,pop,hiphop_rap
pop,hiphop_rap,reggae,alternative
classical_music,pop,rock,hiphop_rap,techno_trance,opera
classical_music,rock,metal_or_hardrock,punk,rock_n_roll,alternative,techno_trance
hiphop_rap,swing_jazz,alternative
rock,hiphop_rap
metal_or_hardrock,hiphop_rap,swing_jazz,latino,techno_trance
pop,hiphop_rap
country,musical,rock,punk,reggae,rock_n_roll,latino,opera
classical_music,pop,metal_or_hardrock,hiphop_rap,reggae,rock_n_roll,latino
musical,hiphop_rap
classical_music,pop,rock
classical_music,musical,rock,metal_or_hardrock,punk,rock_n_roll,alternative,opera
musical,pop,punk,hiphop_rap
pop,rock,rock_n_roll,techno_trance
pop,rock,metal_or_hardrock,hiphop_rap,techno_trance
musical,rock,metal_or_hardrock,punk
classical_music,musical,pop,rock,punk,hiphop_rap,reggae,swing_jazz,rock_n_roll
musical,pop,rock,metal_or_hardrock,punk,reggae,rock_n_roll,alternative
None
classical_music,musical,opera
pop,rock,punk
hiphop_rap
country,classical_music,musical,rock,metal_or_hardrock,swing_jazz,rock_n_roll,alternative,opera
classical_music,rock,metal_or_hardrock,punk,rock_n_roll,alternative,opera
None
None
classical_music,musical,pop,hiphop_rap,reggae,techno_trance,opera
country,rock,metal_or_hardrock,hiphop_rap,reggae,swing_jazz,rock_n_roll,latino
classical_music,pop,rock,metal_or_hardrock,punk,hiphop_rap,reggae,swing_jazz,rock_n_roll,alternative,latino
pop,rock,hiphop_rap,reggae,swing_jazz,rock_n_roll
classical_music,pop,rock,metal_or_hardrock,techno_trance
pop,latino
classical_music,musical,rock,hiphop_rap,reggae,swing_jazz,rock_n_roll,alternative,opera
classical_music,musical,pop,rock,metal_or_hardrock,punk,swing_jazz,rock_n_roll,alternative,opera
pop,rock,hiphop_rap,reggae,latino
hiphop_rap
classical_music,rock,rock_n_roll,opera
classical_music,rock,metal_or_hardrock,alternative
classical_music,musical,pop,rock,swing_jazz,rock_n_roll,latino,opera
folk,classical_music,musical,pop,rock,reggae,rock_n_roll,alternative
pop,rock,punk,hiphop_rap,latino,techno_trance
classical_music,musical,rock,metal_or_hardrock,punk,swing_jazz,rock_n_roll,alternative
pop,hiphop_rap,reggae,swing_jazz,latino
country,classical_music,musical,pop,rock,punk,hiphop_rap,reggae,swing_jazz,rock_n_roll,latino,opera
folk,country,classical_music,musical,rock,punk,reggae,swing_jazz,rock_n_roll,latino,opera
classical_music,rock,swing_jazz,alternative,opera
classical_music,musical,rock,metal_or_hardrock
pop,rock,reggae
pop,rock,metal_or_hardrock,punk,hiphop_rap,swing_jazz,rock_n_roll
classical_music,rock,metal_or_hardrock,punk,reggae,swing_jazz,rock_n_roll,alternative,latino
pop,rock,hiphop_rap,reggae,rock_n_roll,alternative,latino
musical,pop,rock_n_roll,alternative,latino
musical,pop,rock,hiphop_rap,latino
pop,rock,punk,hiphop_rap,techno_trance
pop,rock,punk,alternative
pop,rock,hiphop_rap
folk,country,classical_music,musical,swing_jazz,rock_n_roll,alternative,techno_trance,opera
pop,hiphop_rap
pop,hiphop_rap,swing_jazz,techno_trance
folk,classical_music,musical,pop,rock,reggae,swing_jazz,rock_n_roll,alternative,opera
rock,punk,reggae,alternative
folk,country,classical_music,swing_jazz,opera
musical,pop,hiphop_rap,reggae
hiphop_rap,techno_trance
hiphop_rap
folk,musical,opera
hiphop_rap
pop,rock,punk,hiphop_rap,reggae,latino,techno_trance
musical,pop,rock,swing_jazz,latino
musical,pop,alternative,techno_trance
classical_music,reggae,swing_jazz,rock_n_roll
folk,pop,hiphop_rap,techno_trance
rock,metal_or_hardrock,hiphop_rap,techno_trance
rock,alternative
pop,rock,hiphop_rap,swing_jazz,latino,techno_trance
classical_music,musical,alternative,techno_trance
musical,rock,metal_or_hardrock,punk,hiphop_rap,rock_n_roll,alternative
musical,rock,hiphop_rap,alternative
classical_music,musical,rock,metal_or_hardrock,punk,reggae,rock_n_roll,alternative
country,pop,latino
folk,musical,pop,hiphop_rap
classical_music,musical,pop,rock,rock_n_roll,alternative
pop,techno_trance
classical_music,rock,metal_or_hardrock,swing_jazz,rock_n_roll,alternative
rock,alternative,techno_trance
rock,techno_trance
latino
hiphop_rap,techno_trance
pop,hiphop_rap,reggae,swing_jazz,rock_n_roll
country,rock,punk,swing_jazz,rock_n_roll,alternative
classical_music,musical,pop,rock,hiphop_rap,reggae,swing_jazz,rock_n_roll,techno_trance
country,rock,metal_or_hardrock,rock_n_roll,alternative,techno_trance
hiphop_rap,latino,techno_trance
classical_music,musical,pop,rock,swing_jazz,rock_n_roll,alternative
rock,punk,techno_trance
pop,swing_jazz,latino
classical_music,pop,rock,punk,reggae,swing_jazz,rock_n_roll,alternative,techno_trance
pop,rock,metal_or_hardrock,hiphop_rap,reggae
rock,metal_or_hardrock,punk,alternative
country,rock,hiphop_rap
pop,rock,rock_n_roll,latino
country,classical_music,rock,rock_n_roll,alternative
pop,hiphop_rap,techno_trance
pop,rock,reggae
rock
country,rock,hiphop_rap,opera
rock,reggae,rock_n_roll
hiphop_rap
country,musical,rock,swing_jazz,rock_n_roll,alternative
pop,alternative
rock,swing_jazz,rock_n_roll,alternative
hiphop_rap
musical,reggae,swing_jazz
None
hiphop_rap,reggae
folk,rock,metal_or_hardrock,punk,swing_jazz,rock_n_roll,alternative
musical,pop,latino
pop,rock,hiphop_rap
classical_music,musical,swing_jazz,alternative,latino,techno_trance,opera
pop
pop,rock
musical,pop,hiphop_rap,reggae,rock_n_roll
musical,pop,rock,hiphop_rap,reggae,swing_jazz,rock_n_roll,alternative,latino
classical_music,musical,rock,metal_or_hardrock,punk,rock_n_roll,alternative,latino,opera
pop,punk,rock_n_roll
folk,classical_music,rock,swing_jazz,rock_n_roll,alternative,opera
classical_music,rock,metal_or_hardrock,punk,swing_jazz,rock_n_roll,alternative,latino,opera
pop,rock,hiphop_rap,techno_trance
rock,metal_or_hardrock,punk,rock_n_roll,alternative
rock,metal_or_hardrock,punk,rock_n_roll,alternative
musical,pop,rock,metal_or_hardrock,punk,reggae,latino
rock,metal_or_hardrock,alternative,latino
musical,rock,rock_n_roll
pop,hiphop_rap
pop,hiphop_rap,techno_trance
classical_music,pop,rock,punk,swing_jazz,rock_n_roll,alternative
None
musical,swing_jazz,latino
rock,alternative
pop,hiphop_rap,reggae
classical_music,pop,hiphop_rap,reggae,rock_n_roll,latino
folk,classical_music,pop,punk,reggae,alternative
hiphop_rap
pop,metal_or_hardrock
pop,hiphop_rap,techno_trance
classical_music,musical,rock,reggae,swing_jazz,rock_n_roll,alternative
rock,metal_or_hardrock,punk,techno_trance
pop
pop,metal_or_hardrock,punk,swing_jazz
classical_music,musical,pop,rock,metal_or_hardrock,punk,hiphop_rap,reggae,swing_jazz,rock_n_roll,alternative,latino,opera
folk,classical_music,pop,rock,punk,hiphop_rap,rock_n_roll,alternative,techno_trance
country,classical_music,pop,rock,rock_n_roll,latino,techno_trance
hiphop_rap,swing_jazz,techno_trance
pop,rock,hiphop_rap,reggae,swing_jazz,rock_n_roll,alternative
classical_music,pop,swing_jazz,techno_trance
classical_music,punk,hiphop_rap,reggae,swing_jazz
classical_music,pop,rock
pop,rock,metal_or_hardrock,punk,hiphop_rap,reggae,rock_n_roll,latino
classical_music,rock,metal_or_hardrock,punk,swing_jazz,rock_n_roll,alternative
hiphop_rap
musical,pop,latino
rock
classical_music,pop,rock,metal_or_hardrock,punk,hiphop_rap,reggae,rock_n_roll
pop,hiphop_rap,reggae,rock_n_roll,alternative,techno_trance
classical_music,pop,rock,alternative,latino,techno_trance
pop,rock,punk,hiphop_rap,reggae,swing_jazz,rock_n_roll,latino
hiphop_rap,reggae,latino,techno_trance
rock,metal_or_hardrock,punk
country,musical,pop,rock,swing_jazz,rock_n_roll
hiphop_rap
pop,techno_trance
classical_music,musical,pop,punk,reggae,swing_jazz,rock_n_roll,alternative
folk,classical_music,rock,metal_or_hardrock,punk,swing_jazz,alternative,opera
folk,musical,pop,hiphop_rap,reggae,latino,techno_trance
folk,country,classical_music,swing_jazz
classical_music,pop,rock,swing_jazz,techno_trance,opera
rock,metal_or_hardrock,punk,reggae,rock_n_roll,alternative,opera
musical,pop,rock,punk,rock_n_roll,latino,techno_trance
classical_music,musical,swing_jazz,alternative,latino,opera
rock,metal_or_hardrock,punk,reggae,swing_jazz,rock_n_roll
pop,hiphop_rap
pop,rock,metal_or_hardrock,rock_n_roll
country,classical_music,musical,rock,hiphop_rap,swing_jazz,rock_n_roll,alternative,opera
folk,classical_music,rock,metal_or_hardrock,punk,reggae,rock_n_roll
musical,rock,punk,rock_n_roll,alternative
folk,country,classical_music,musical,rock,metal_or_hardrock,punk,reggae,swing_jazz
rock,metal_or_hardrock,punk,reggae,rock_n_roll,alternative
folk,country,classical_music,musical,pop,rock,metal_or_hardrock,punk,hiphop_rap,reggae,swing_jazz,rock_n_roll,alternative,latino,techno_trance,opera
musical,pop,rock,reggae,swing_jazz,rock_n_roll,latino
pop,rock,hiphop_rap,techno_trance
pop,rock,metal_or_hardrock,swing_jazz,rock_n_roll
classical_music,musical,pop,rock,swing_jazz,rock_n_roll,latino
classical_music,pop,rock,metal_or_hardrock,swing_jazz,rock_n_roll,latino,opera
country,classical_music,musical,rock,rock_n_roll,alternative
rock,reggae,rock_n_roll,alternative
pop,hiphop_rap,reggae,latino
rock,metal_or_hardrock,rock_n_roll
classical_music,pop,rock,reggae,alternative
folk,classical_music,rock,punk,swing_jazz,rock_n_roll,alternative,techno_trance,opera
rock,alternative
classical_music,rock,punk,reggae,swing_jazz,rock_n_roll,alternative,latino
classical_music,musical,pop,rock,metal_or_hardrock,hiphop_rap,latino,techno_trance
rock,metal_or_hardrock
rock,metal_or_hardrock,punk,hiphop_rap,rock_n_roll
country,classical_music,rock,metal_or_hardrock,techno_trance
pop,rock,hiphop_rap,alternative
musical,rock,punk,reggae,rock_n_roll
rock,metal_or_hardrock,techno_trance
rock,hiphop_rap,reggae
rock,punk,reggae,latino
rock,metal_or_hardrock,punk,rock_n_roll,techno_trance
country,classical_music,musical,pop,rock,hiphop_rap,reggae,swing_jazz,rock_n_roll,alternative,latino,techno_trance
pop,hiphop_rap
musical,pop,punk,hiphop_rap,rock_n_roll
rock,metal_or_hardrock,reggae,alternative
pop,rock,reggae,swing_jazz,rock_n_roll,latino,techno_trance
metal_or_hardrock,hiphop_rap,reggae,techno_trance
classical_music,musical,pop,rock,hiphop_rap,swing_jazz,rock_n_roll,alternative
classical_music,pop,punk,techno_trance
rock,alternative
rock,alternative
pop
